{
  "ats_resume.txt": {
    "size": 4193,
    "mtime": 1783173666.3209825
  },
  "behavioral.txt": {
    "size": 3904,
    "mtime": 1782559992.6200647
  },
  "coding_interviews.txt": {
    "size": 5967,
    "mtime": 1783173666.3271334
  },
  "communication.txt": {
    "size": 4370,
    "mtime": 1783173666.3271334
  },
  "company_interviews.txt": {
    "size": 6464,
    "mtime": 1783173666.3293908
  },
  "dbms.txt": {
    "size": 3762,
    "mtime": 1782559980.5371473
  },
  "hr.txt": {
    "size": 4238,
    "mtime": 1783173666.3293908
  },
  "industry_expectations.txt": {
    "size": 4658,
    "mtime": 1783173666.3293908
  },
  "os.txt": {
    "size": 4121,
    "mtime": 1782559985.0923858
  },
  "python.txt": {
    "size": 3996,
    "mtime": 1782559972.2413666
  },
  "sql.txt": {
    "size": 4022,
    "mtime": 1782559976.7003634
  }
}