{
  "behavioral.txt": {
    "size": 3904,
    "mtime": 1782559992.6200647
  },
  "dbms.txt": {
    "size": 3762,
    "mtime": 1782559980.5371473
  },
  "hr.txt": {
    "size": 2905,
    "mtime": 1782559988.9636252
  },
  "os.txt": {
    "size": 4121,
    "mtime": 1782559985.0923858
  },
  "python.txt": {
    "size": 3996,
    "mtime": 1782559972.2413666
  },
  "sql.txt": {
    "size": 4022,
    "mtime": 1782559976.7003634
  }
}